task,regime,split,stress,uncertainty_load,slip_load,jam_load,damage_load,resource_load,dropout_load
peg_assembly,nominal,nominal,0.1,0.060384,0.067182,0.047987,0.030856,0.025037,0.0324
peg_assembly,nominal,seen_shift,0.38,0.07464,0.084596,0.057555,0.039301,0.02903,0.039
peg_assembly,nominal,unseen_object,0.52,0.082416,0.087275,0.084346,0.043523,0.032026,0.0426
peg_assembly,nominal,unseen_contact,0.62,0.090192,0.120763,0.061382,0.046539,0.034022,0.0462
peg_assembly,nominal,unseen_compliance,0.66,0.0876,0.091293,0.066166,0.047746,0.035021,0.045
peg_assembly,nominal,probe_latency,0.68,0.088896,0.093972,0.06521,0.048349,0.037018,0.0456
peg_assembly,nominal,sensor_dropout,0.7,0.116112,0.096652,0.06808,0.048952,0.037517,0.0582
peg_assembly,nominal,heldout_combined_contact_uncertainty,0.86,0.103152,0.120763,0.082432,0.053778,0.044506,0.0522
peg_assembly,hidden_friction,nominal,0.1,0.362304,0.431885,0.115169,0.117253,0.087629,0.108
peg_assembly,hidden_friction,seen_shift,0.38,0.44784,0.54383,0.138132,0.149343,0.101606,0.13
peg_assembly,hidden_friction,unseen_object,0.52,0.494496,0.561053,0.202429,0.165388,0.11209,0.142
peg_assembly,hidden_friction,unseen_contact,0.62,0.541152,0.776333,0.147318,0.176849,0.119078,0.154
peg_assembly,hidden_friction,unseen_compliance,0.66,0.5256,0.586886,0.158799,0.181433,0.122573,0.15
peg_assembly,hidden_friction,probe_latency,0.68,0.533376,0.604109,0.156503,0.183725,0.129562,0.152
peg_assembly,hidden_friction,sensor_dropout,0.7,0.696672,0.621331,0.163392,0.186018,0.131309,0.194
peg_assembly,hidden_friction,heldout_combined_contact_uncertainty,0.86,0.618912,0.776333,0.197837,0.204355,0.15577,0.174
peg_assembly,pose_ambiguity,nominal,0.1,0.382432,0.163156,0.182351,0.129595,0.093888,0.162
peg_assembly,pose_ambiguity,seen_shift,0.38,0.47272,0.205447,0.21871,0.165063,0.108864,0.195
peg_assembly,pose_ambiguity,unseen_object,0.52,0.521968,0.211953,0.320513,0.182797,0.120096,0.213
peg_assembly,pose_ambiguity,unseen_contact,0.62,0.571216,0.293281,0.233253,0.195465,0.127584,0.231
peg_assembly,pose_ambiguity,unseen_compliance,0.66,0.5548,0.221713,0.251432,0.200532,0.131328,0.225
peg_assembly,pose_ambiguity,probe_latency,0.68,0.563008,0.228219,0.247796,0.203065,0.138816,0.228
peg_assembly,pose_ambiguity,sensor_dropout,0.7,0.735376,0.234725,0.258704,0.205598,0.140688,0.291
peg_assembly,pose_ambiguity,heldout_combined_contact_uncertainty,0.86,0.653296,0.293281,0.313242,0.225866,0.166896,0.261
peg_assembly,compliance_ambiguity,nominal,0.1,0.40256,0.230339,0.278326,0.178965,0.131443,0.1728
peg_assembly,compliance_ambiguity,seen_shift,0.38,0.4976,0.290043,0.33382,0.227945,0.15241,0.208
peg_assembly,compliance_ambiguity,unseen_object,0.52,0.54944,0.299228,0.489204,0.252435,0.168134,0.2272
peg_assembly,compliance_ambiguity,unseen_contact,0.62,0.60128,0.414044,0.356018,0.269927,0.178618,0.2464
peg_assembly,compliance_ambiguity,unseen_compliance,0.66,0.584,0.313006,0.383765,0.276924,0.183859,0.24
peg_assembly,compliance_ambiguity,probe_latency,0.68,0.59264,0.322191,0.378216,0.280423,0.194342,0.2432
peg_assembly,compliance_ambiguity,sensor_dropout,0.7,0.77408,0.331377,0.394864,0.283922,0.196963,0.3104
peg_assembly,compliance_ambiguity,heldout_combined_contact_uncertainty,0.86,0.68768,0.414044,0.478106,0.31191,0.233654,0.2784
peg_assembly,jamming_ambiguity,nominal,0.1,0.412624,0.211144,0.45108,0.209821,0.175258,0.1944
peg_assembly,jamming_ambiguity,seen_shift,0.38,0.51004,0.265873,0.541019,0.267245,0.203213,0.234
peg_assembly,jamming_ambiguity,unseen_object,0.52,0.563176,0.274292,0.792849,0.295958,0.224179,0.2556
peg_assembly,jamming_ambiguity,unseen_contact,0.62,0.616312,0.37954,0.576995,0.316467,0.238157,0.2772
peg_assembly,jamming_ambiguity,unseen_compliance,0.66,0.5986,0.286922,0.621964,0.32467,0.245146,0.27
peg_assembly,jamming_ambiguity,probe_latency,0.68,0.607456,0.295342,0.61297,0.328772,0.259123,0.2736
peg_assembly,jamming_ambiguity,sensor_dropout,0.7,0.793432,0.303762,0.639952,0.332874,0.262618,0.3492
peg_assembly,jamming_ambiguity,heldout_combined_contact_uncertainty,0.86,0.704872,0.37954,0.774861,0.365688,0.311539,0.3132
peg_assembly,release_uncertainty,nominal,0.1,0.392496,0.201546,0.124767,0.191307,0.143962,0.1836
peg_assembly,release_uncertainty,seen_shift,0.38,0.48516,0.253788,0.149644,0.243665,0.166925,0.221
peg_assembly,release_uncertainty,unseen_object,0.52,0.535704,0.261825,0.219299,0.269844,0.184147,0.2414
peg_assembly,release_uncertainty,unseen_contact,0.62,0.586248,0.362289,0.159594,0.288543,0.195629,0.2618
peg_assembly,release_uncertainty,unseen_compliance,0.66,0.5694,0.27388,0.172033,0.296023,0.20137,0.255
peg_assembly,release_uncertainty,probe_latency,0.68,0.577824,0.281917,0.169545,0.299763,0.212851,0.2584
peg_assembly,release_uncertainty,sensor_dropout,0.7,0.754728,0.289955,0.177008,0.303502,0.215722,0.3298
peg_assembly,release_uncertainty,heldout_combined_contact_uncertainty,0.86,0.670488,0.362289,0.214323,0.333421,0.255907,0.2958
peg_assembly,partial_observability_dropout,nominal,0.1,0.432752,0.249533,0.249533,0.172794,0.162739,0.5076
peg_assembly,partial_observability_dropout,seen_shift,0.38,0.53492,0.314213,0.299287,0.220084,0.188698,0.611
peg_assembly,partial_observability_dropout,unseen_object,0.52,0.590648,0.324164,0.438597,0.24373,0.208166,0.6674
peg_assembly,partial_observability_dropout,unseen_contact,0.62,0.646376,0.448548,0.319188,0.26062,0.221146,0.7238
peg_assembly,partial_observability_dropout,unseen_compliance,0.66,0.6278,0.33909,0.344065,0.267375,0.227635,0.705
peg_assembly,partial_observability_dropout,probe_latency,0.68,0.637088,0.349041,0.33909,0.270753,0.240614,0.7144
peg_assembly,partial_observability_dropout,sensor_dropout,0.7,0.832136,0.358991,0.354016,0.274131,0.243859,0.9118
peg_assembly,partial_observability_dropout,heldout_combined_contact_uncertainty,0.86,0.739256,0.448548,0.428646,0.301155,0.289286,0.8178
peg_assembly,irreversible_damage_risk,nominal,0.1,0.422688,0.239936,0.297521,0.290046,0.23159,0.2268
peg_assembly,irreversible_damage_risk,seen_shift,0.38,0.52248,0.302128,0.356842,0.369428,0.268531,0.273
peg_assembly,irreversible_damage_risk,unseen_object,0.52,0.576912,0.311696,0.522943,0.409118,0.296237,0.2982
peg_assembly,irreversible_damage_risk,unseen_contact,0.62,0.631344,0.431296,0.380571,0.437468,0.314707,0.3234
peg_assembly,irreversible_damage_risk,unseen_compliance,0.66,0.6132,0.326048,0.410232,0.448809,0.323942,0.315
peg_assembly,irreversible_damage_risk,probe_latency,0.68,0.622272,0.335616,0.4043,0.454479,0.342413,0.3192
peg_assembly,irreversible_damage_risk,sensor_dropout,0.7,0.812784,0.345184,0.422096,0.460149,0.34703,0.4074
peg_assembly,irreversible_damage_risk,heldout_combined_contact_uncertainty,0.86,0.722064,0.431296,0.511078,0.505509,0.411677,0.3654
peg_assembly,branch_resource_depletion,nominal,0.1,0.412624,0.259131,0.345508,0.228334,0.300442,0.2376
peg_assembly,branch_resource_depletion,seen_shift,0.38,0.51004,0.326298,0.414397,0.290826,0.348365,0.286
peg_assembly,branch_resource_depletion,unseen_object,0.52,0.563176,0.336632,0.607288,0.322072,0.384307,0.3124
peg_assembly,branch_resource_depletion,unseen_contact,0.62,0.616312,0.4658,0.441953,0.34439,0.408269,0.3388
peg_assembly,branch_resource_depletion,unseen_compliance,0.66,0.5986,0.352132,0.476398,0.353317,0.42025,0.33
peg_assembly,branch_resource_depletion,probe_latency,0.68,0.607456,0.362465,0.469509,0.357781,0.444211,0.3344
peg_assembly,branch_resource_depletion,sensor_dropout,0.7,0.793432,0.372799,0.490176,0.362245,0.450202,0.4268
peg_assembly,branch_resource_depletion,heldout_combined_contact_uncertainty,0.86,0.704872,0.4658,0.59351,0.397954,0.534067,0.3828
peg_assembly,combined_contact_uncertainty,nominal,0.1,0.473008,0.41269,0.41269,0.271533,0.275405,0.4428
peg_assembly,combined_contact_uncertainty,seen_shift,0.38,0.58468,0.51966,0.494975,0.345847,0.319334,0.533
peg_assembly,combined_contact_uncertainty,unseen_object,0.52,0.645592,0.536117,0.725372,0.383004,0.352282,0.5822
peg_assembly,combined_contact_uncertainty,unseen_contact,0.62,0.706504,0.741829,0.527889,0.409545,0.374246,0.6314
peg_assembly,combined_contact_uncertainty,unseen_compliance,0.66,0.6862,0.560803,0.569031,0.420161,0.385229,0.615
peg_assembly,combined_contact_uncertainty,probe_latency,0.68,0.696352,0.57726,0.560803,0.425469,0.407194,0.6232
peg_assembly,combined_contact_uncertainty,sensor_dropout,0.7,0.909544,0.593716,0.585488,0.430778,0.412685,0.7954
peg_assembly,combined_contact_uncertainty,heldout_combined_contact_uncertainty,0.86,0.808024,0.741829,0.708915,0.473243,0.489562,0.7134
drawer_retrieval,nominal,nominal,0.1,0.060384,0.055498,0.039642,0.02128,0.01836,0.0324
drawer_retrieval,nominal,seen_shift,0.38,0.07464,0.069884,0.047546,0.027104,0.021289,0.039
drawer_retrieval,nominal,unseen_object,0.52,0.082416,0.072097,0.069677,0.030016,0.023485,0.0426
drawer_retrieval,nominal,unseen_contact,0.62,0.090192,0.099761,0.050707,0.032096,0.02495,0.0462
drawer_retrieval,nominal,unseen_compliance,0.66,0.0876,0.075416,0.054659,0.032928,0.025682,0.045
drawer_retrieval,nominal,probe_latency,0.68,0.088896,0.077629,0.053869,0.033344,0.027146,0.0456
drawer_retrieval,nominal,sensor_dropout,0.7,0.116112,0.079843,0.05624,0.03376,0.027512,0.0582
drawer_retrieval,nominal,heldout_combined_contact_uncertainty,0.86,0.103152,0.099761,0.068096,0.037088,0.032637,0.0522
drawer_retrieval,hidden_friction,nominal,0.1,0.362304,0.356774,0.09514,0.080864,0.064261,0.108
drawer_retrieval,hidden_friction,seen_shift,0.38,0.44784,0.449251,0.114109,0.102995,0.074511,0.13
drawer_retrieval,hidden_friction,unseen_object,0.52,0.494496,0.463478,0.167224,0.114061,0.082199,0.142
drawer_retrieval,hidden_friction,unseen_contact,0.62,0.541152,0.641318,0.121697,0.121965,0.087324,0.154
drawer_retrieval,hidden_friction,unseen_compliance,0.66,0.5256,0.484819,0.131182,0.125126,0.089887,0.15
drawer_retrieval,hidden_friction,probe_latency,0.68,0.533376,0.499046,0.129285,0.126707,0.095012,0.152
drawer_retrieval,hidden_friction,sensor_dropout,0.7,0.696672,0.513274,0.134976,0.128288,0.096293,0.194
drawer_retrieval,hidden_friction,heldout_combined_contact_uncertainty,0.86,0.618912,0.641318,0.16343,0.140934,0.114231,0.174
drawer_retrieval,pose_ambiguity,nominal,0.1,0.382432,0.134781,0.150638,0.089376,0.068851,0.162
drawer_retrieval,pose_ambiguity,seen_shift,0.38,0.47272,0.169717,0.180673,0.113837,0.079834,0.195
drawer_retrieval,pose_ambiguity,unseen_object,0.52,0.521968,0.175092,0.264772,0.126067,0.08807,0.213
drawer_retrieval,pose_ambiguity,unseen_contact,0.62,0.571216,0.242276,0.192687,0.134803,0.093562,0.231
drawer_retrieval,pose_ambiguity,unseen_compliance,0.66,0.5548,0.183154,0.207705,0.138298,0.096307,0.225
drawer_retrieval,pose_ambiguity,probe_latency,0.68,0.563008,0.188529,0.204701,0.140045,0.101798,0.228
drawer_retrieval,pose_ambiguity,sensor_dropout,0.7,0.735376,0.193903,0.213712,0.141792,0.103171,0.291
drawer_retrieval,pose_ambiguity,heldout_combined_contact_uncertainty,0.86,0.653296,0.242276,0.258765,0.15577,0.12239,0.261
drawer_retrieval,compliance_ambiguity,nominal,0.1,0.40256,0.19028,0.229921,0.123424,0.096392,0.1728
drawer_retrieval,compliance_ambiguity,seen_shift,0.38,0.4976,0.239601,0.275764,0.157203,0.111767,0.208
drawer_retrieval,compliance_ambiguity,unseen_object,0.52,0.54944,0.247188,0.404125,0.174093,0.123299,0.2272
drawer_retrieval,compliance_ambiguity,unseen_contact,0.62,0.60128,0.342036,0.294102,0.186157,0.130986,0.2464
drawer_retrieval,compliance_ambiguity,unseen_compliance,0.66,0.584,0.25857,0.317023,0.190982,0.13483,0.24
drawer_retrieval,compliance_ambiguity,probe_latency,0.68,0.59264,0.266158,0.312439,0.193395,0.142518,0.2432
drawer_retrieval,compliance_ambiguity,sensor_dropout,0.7,0.77408,0.273746,0.326192,0.195808,0.14444,0.3104
drawer_retrieval,compliance_ambiguity,heldout_combined_contact_uncertainty,0.86,0.68768,0.342036,0.394957,0.21511,0.171347,0.2784
drawer_retrieval,jamming_ambiguity,nominal,0.1,0.412624,0.174423,0.372631,0.144704,0.128522,0.1944
drawer_retrieval,jamming_ambiguity,seen_shift,0.38,0.51004,0.219634,0.446929,0.184307,0.149023,0.234
drawer_retrieval,jamming_ambiguity,unseen_object,0.52,0.563176,0.226589,0.654962,0.204109,0.164398,0.2556
drawer_retrieval,jamming_ambiguity,unseen_contact,0.62,0.616312,0.313533,0.476648,0.218253,0.174648,0.2772
drawer_retrieval,jamming_ambiguity,unseen_compliance,0.66,0.5986,0.237023,0.513796,0.22391,0.179773,0.27
drawer_retrieval,jamming_ambiguity,probe_latency,0.68,0.607456,0.243978,0.506367,0.226739,0.190024,0.2736
drawer_retrieval,jamming_ambiguity,sensor_dropout,0.7,0.793432,0.250934,0.528656,0.229568,0.192586,0.3492
drawer_retrieval,jamming_ambiguity,heldout_combined_contact_uncertainty,0.86,0.704872,0.313533,0.640102,0.252198,0.228462,0.3132
drawer_retrieval,release_uncertainty,nominal,0.1,0.392496,0.166495,0.103068,0.131936,0.105572,0.1836
drawer_retrieval,release_uncertainty,seen_shift,0.38,0.48516,0.209651,0.123619,0.168045,0.122412,0.221
drawer_retrieval,release_uncertainty,unseen_object,0.52,0.535704,0.21629,0.18116,0.186099,0.135041,0.2414
drawer_retrieval,release_uncertainty,unseen_contact,0.62,0.586248,0.299282,0.131839,0.198995,0.143461,0.2618
drawer_retrieval,release_uncertainty,unseen_compliance,0.66,0.5694,0.226249,0.142114,0.204154,0.147671,0.255
drawer_retrieval,release_uncertainty,probe_latency,0.68,0.577824,0.232888,0.140059,0.206733,0.156091,0.2584
drawer_retrieval,release_uncertainty,sensor_dropout,0.7,0.754728,0.239528,0.146224,0.209312,0.158196,0.3298
drawer_retrieval,release_uncertainty,heldout_combined_contact_uncertainty,0.86,0.670488,0.299282,0.17705,0.229946,0.187665,0.2958
drawer_retrieval,partial_observability_dropout,nominal,0.1,0.432752,0.206136,0.206136,0.119168,0.119342,0.5076
drawer_retrieval,partial_observability_dropout,seen_shift,0.38,0.53492,0.259567,0.247237,0.151782,0.138378,0.611
drawer_retrieval,partial_observability_dropout,unseen_object,0.52,0.590648,0.267788,0.362319,0.16809,0.152655,0.6674
drawer_retrieval,partial_observability_dropout,unseen_contact,0.62,0.646376,0.37054,0.263677,0.179738,0.162173,0.7238
drawer_retrieval,partial_observability_dropout,unseen_compliance,0.66,0.6278,0.280118,0.284228,0.184397,0.166932,0.705
drawer_retrieval,partial_observability_dropout,probe_latency,0.68,0.637088,0.288338,0.280118,0.186726,0.176451,0.7144
drawer_retrieval,partial_observability_dropout,sensor_dropout,0.7,0.832136,0.296558,0.292448,0.189056,0.17883,0.9118
drawer_retrieval,partial_observability_dropout,heldout_combined_contact_uncertainty,0.86,0.739256,0.37054,0.354099,0.207693,0.212143,0.8178
drawer_retrieval,irreversible_damage_risk,nominal,0.1,0.422688,0.198208,0.245778,0.200032,0.169833,0.2268
drawer_retrieval,irreversible_damage_risk,seen_shift,0.38,0.52248,0.249584,0.294783,0.254778,0.196923,0.273
drawer_retrieval,irreversible_damage_risk,unseen_object,0.52,0.576912,0.257488,0.431996,0.28215,0.21724,0.2982
drawer_retrieval,irreversible_damage_risk,unseen_contact,0.62,0.631344,0.356288,0.314385,0.301702,0.230785,0.3234
drawer_retrieval,irreversible_damage_risk,unseen_compliance,0.66,0.6132,0.269344,0.338887,0.309523,0.237558,0.315
drawer_retrieval,irreversible_damage_risk,probe_latency,0.68,0.622272,0.277248,0.333987,0.313434,0.251103,0.3192
drawer_retrieval,irreversible_damage_risk,sensor_dropout,0.7,0.812784,0.285152,0.348688,0.317344,0.254489,0.4074
drawer_retrieval,irreversible_damage_risk,heldout_combined_contact_uncertainty,0.86,0.722064,0.356288,0.422195,0.348627,0.301896,0.3654
drawer_retrieval,branch_resource_depletion,nominal,0.1,0.412624,0.214065,0.28542,0.157472,0.220324,0.2376
drawer_retrieval,branch_resource_depletion,seen_shift,0.38,0.51004,0.269551,0.342328,0.20057,0.255468,0.286
drawer_retrieval,branch_resource_depletion,unseen_object,0.52,0.563176,0.278087,0.501673,0.222118,0.281825,0.3124
drawer_retrieval,branch_resource_depletion,unseen_contact,0.62,0.616312,0.384791,0.365092,0.23751,0.299397,0.3388
drawer_retrieval,branch_resource_depletion,unseen_compliance,0.66,0.5986,0.290892,0.393546,0.243667,0.308183,0.33
drawer_retrieval,branch_resource_depletion,probe_latency,0.68,0.607456,0.299428,0.387855,0.246746,0.325755,0.3344
drawer_retrieval,branch_resource_depletion,sensor_dropout,0.7,0.793432,0.307964,0.404928,0.249824,0.330148,0.4268
drawer_retrieval,branch_resource_depletion,heldout_combined_contact_uncertainty,0.86,0.704872,0.384791,0.490291,0.274451,0.391649,0.3828
drawer_retrieval,combined_contact_uncertainty,nominal,0.1,0.473008,0.340918,0.340918,0.187264,0.201964,0.4428
drawer_retrieval,combined_contact_uncertainty,seen_shift,0.38,0.58468,0.429284,0.408892,0.238515,0.234179,0.533
drawer_retrieval,combined_contact_uncertainty,unseen_object,0.52,0.645592,0.442879,0.59922,0.264141,0.25834,0.5822
drawer_retrieval,combined_contact_uncertainty,unseen_contact,0.62,0.706504,0.612815,0.436082,0.282445,0.274447,0.6314
drawer_retrieval,combined_contact_uncertainty,unseen_compliance,0.66,0.6862,0.463272,0.470069,0.289766,0.282501,0.615
drawer_retrieval,combined_contact_uncertainty,probe_latency,0.68,0.696352,0.476867,0.463272,0.293427,0.298609,0.6232
drawer_retrieval,combined_contact_uncertainty,sensor_dropout,0.7,0.909544,0.490461,0.483664,0.297088,0.302636,0.7954
drawer_retrieval,combined_contact_uncertainty,heldout_combined_contact_uncertainty,0.86,0.808024,0.612815,0.585626,0.326374,0.359012,0.7134
cable_routing,nominal,nominal,0.1,0.060384,0.06134,0.043814,0.027664,0.034217,0.0324
cable_routing,nominal,seen_shift,0.38,0.07464,0.07724,0.05255,0.035235,0.039675,0.039
cable_routing,nominal,unseen_object,0.52,0.082416,0.079686,0.077011,0.039021,0.043768,0.0426
cable_routing,nominal,unseen_contact,0.62,0.090192,0.110262,0.056045,0.041725,0.046497,0.0462
cable_routing,nominal,unseen_compliance,0.66,0.0876,0.083355,0.060413,0.042806,0.047862,0.045
cable_routing,nominal,probe_latency,0.68,0.088896,0.085801,0.059539,0.043347,0.050591,0.0456
cable_routing,nominal,sensor_dropout,0.7,0.116112,0.088247,0.06216,0.043888,0.051273,0.0582
cable_routing,nominal,heldout_combined_contact_uncertainty,0.86,0.103152,0.110262,0.075264,0.048214,0.060824,0.0522
cable_routing,hidden_friction,nominal,0.1,0.362304,0.39433,0.105155,0.105123,0.119759,0.108
cable_routing,hidden_friction,seen_shift,0.38,0.44784,0.496541,0.126121,0.133894,0.138862,0.13
cable_routing,hidden_friction,unseen_object,0.52,0.494496,0.512266,0.184827,0.148279,0.153189,0.142
cable_routing,hidden_friction,unseen_contact,0.62,0.541152,0.708826,0.134508,0.158554,0.16274,0.154
cable_routing,hidden_friction,unseen_compliance,0.66,0.5256,0.535853,0.144991,0.162664,0.167516,0.15
cable_routing,hidden_friction,probe_latency,0.68,0.533376,0.551578,0.142894,0.164719,0.177068,0.152
cable_routing,hidden_friction,sensor_dropout,0.7,0.696672,0.567302,0.149184,0.166774,0.179455,0.194
cable_routing,hidden_friction,heldout_combined_contact_uncertainty,0.86,0.618912,0.708826,0.180634,0.183215,0.212885,0.174
cable_routing,pose_ambiguity,nominal,0.1,0.382432,0.148969,0.166495,0.116189,0.128314,0.162
cable_routing,pose_ambiguity,seen_shift,0.38,0.47272,0.187582,0.199692,0.147988,0.148781,0.195
cable_routing,pose_ambiguity,unseen_object,0.52,0.521968,0.193523,0.292643,0.163887,0.164131,0.213
cable_routing,pose_ambiguity,unseen_contact,0.62,0.571216,0.267779,0.21297,0.175244,0.174365,0.231
cable_routing,pose_ambiguity,unseen_compliance,0.66,0.5548,0.202433,0.229569,0.179787,0.179482,0.225
cable_routing,pose_ambiguity,probe_latency,0.68,0.563008,0.208374,0.226249,0.182058,0.189715,0.228
cable_routing,pose_ambiguity,sensor_dropout,0.7,0.735376,0.214314,0.236208,0.18433,0.192274,0.291
cable_routing,pose_ambiguity,heldout_combined_contact_uncertainty,0.86,0.653296,0.267779,0.286003,0.2025,0.228091,0.261
cable_routing,compliance_ambiguity,nominal,0.1,0.40256,0.210309,0.254124,0.160451,0.179639,0.1728
cable_routing,compliance_ambiguity,seen_shift,0.38,0.4976,0.264822,0.304792,0.204364,0.208293,0.208
cable_routing,compliance_ambiguity,unseen_object,0.52,0.54944,0.273208,0.446665,0.226321,0.229784,0.2272
cable_routing,compliance_ambiguity,unseen_contact,0.62,0.60128,0.37804,0.32506,0.242004,0.244111,0.2464
cable_routing,compliance_ambiguity,unseen_compliance,0.66,0.584,0.285788,0.350394,0.248277,0.251274,0.24
cable_routing,compliance_ambiguity,probe_latency,0.68,0.59264,0.294175,0.345327,0.251414,0.265601,0.2432
cable_routing,compliance_ambiguity,sensor_dropout,0.7,0.77408,0.302561,0.360528,0.25455,0.269183,0.3104
cable_routing,compliance_ambiguity,heldout_combined_contact_uncertainty,0.86,0.68768,0.37804,0.436531,0.279644,0.319328,0.2784
cable_routing,jamming_ambiguity,nominal,0.1,0.412624,0.192783,0.411855,0.188115,0.239519,0.1944
cable_routing,jamming_ambiguity,seen_shift,0.38,0.51004,0.242753,0.493974,0.239599,0.277724,0.234
cable_routing,jamming_ambiguity,unseen_object,0.52,0.563176,0.250441,0.723905,0.265341,0.306378,0.2556
cable_routing,jamming_ambiguity,unseen_contact,0.62,0.616312,0.346537,0.526821,0.283729,0.325481,0.2772
cable_routing,jamming_ambiguity,unseen_compliance,0.66,0.5986,0.261972,0.56788,0.291084,0.335032,0.27
cable_routing,jamming_ambiguity,probe_latency,0.68,0.607456,0.26966,0.559668,0.294761,0.354135,0.2736
cable_routing,jamming_ambiguity,sensor_dropout,0.7,0.793432,0.277348,0.584304,0.298438,0.358911,0.3492
cable_routing,jamming_ambiguity,heldout_combined_contact_uncertainty,0.86,0.704872,0.346537,0.707482,0.327858,0.42577,0.3132
cable_routing,release_uncertainty,nominal,0.1,0.392496,0.18402,0.113917,0.171517,0.196748,0.1836
cable_routing,release_uncertainty,seen_shift,0.38,0.48516,0.231719,0.136631,0.218458,0.228131,0.221
cable_routing,release_uncertainty,unseen_object,0.52,0.535704,0.239057,0.200229,0.241929,0.251668,0.2414
cable_routing,release_uncertainty,unseen_contact,0.62,0.586248,0.330785,0.145716,0.258694,0.267359,0.2618
cable_routing,release_uncertainty,unseen_compliance,0.66,0.5694,0.250065,0.157073,0.2654,0.275205,0.255
cable_routing,release_uncertainty,probe_latency,0.68,0.577824,0.257403,0.154802,0.268753,0.290897,0.2584
cable_routing,release_uncertainty,sensor_dropout,0.7,0.754728,0.264741,0.161616,0.272106,0.29482,0.3298
cable_routing,release_uncertainty,heldout_combined_contact_uncertainty,0.86,0.670488,0.330785,0.195686,0.298929,0.34974,0.2958
cable_routing,partial_observability_dropout,nominal,0.1,0.432752,0.227835,0.227835,0.154918,0.22241,0.5076
cable_routing,partial_observability_dropout,seen_shift,0.38,0.53492,0.28689,0.273262,0.197317,0.257887,0.611
cable_routing,partial_observability_dropout,unseen_object,0.52,0.590648,0.295976,0.400458,0.218516,0.284494,0.6674
cable_routing,partial_observability_dropout,unseen_contact,0.62,0.646376,0.409544,0.291433,0.233659,0.302232,0.7238
cable_routing,partial_observability_dropout,unseen_compliance,0.66,0.6278,0.309604,0.314147,0.239716,0.311101,0.705
cable_routing,partial_observability_dropout,probe_latency,0.68,0.637088,0.318689,0.309604,0.242744,0.32884,0.7144
cable_routing,partial_observability_dropout,sensor_dropout,0.7,0.832136,0.327775,0.323232,0.245773,0.333274,0.9118
cable_routing,partial_observability_dropout,heldout_combined_contact_uncertainty,0.86,0.739256,0.409544,0.391373,0.270001,0.395358,0.8178
cable_routing,irreversible_damage_risk,nominal,0.1,0.422688,0.219072,0.271649,0.260042,0.316507,0.2268
cable_routing,irreversible_damage_risk,seen_shift,0.38,0.52248,0.275856,0.325812,0.331211,0.366993,0.273
cable_routing,irreversible_damage_risk,unseen_object,0.52,0.576912,0.284592,0.477469,0.366796,0.404857,0.2982
cable_routing,irreversible_damage_risk,unseen_contact,0.62,0.631344,0.393792,0.347478,0.392213,0.4301,0.3234
cable_routing,irreversible_damage_risk,unseen_compliance,0.66,0.6132,0.297696,0.374559,0.40238,0.442721,0.315
cable_routing,irreversible_damage_risk,probe_latency,0.68,0.622272,0.306432,0.369143,0.407464,0.467964,0.3192
cable_routing,irreversible_damage_risk,sensor_dropout,0.7,0.812784,0.315168,0.385392,0.412547,0.474275,0.4074
cable_routing,irreversible_damage_risk,heldout_combined_contact_uncertainty,0.86,0.722064,0.393792,0.466637,0.453215,0.562625,0.3654
cable_routing,branch_resource_depletion,nominal,0.1,0.412624,0.236598,0.315464,0.204714,0.410604,0.2376
cable_routing,branch_resource_depletion,seen_shift,0.38,0.51004,0.297924,0.378363,0.26074,0.476099,0.286
cable_routing,branch_resource_depletion,unseen_object,0.52,0.563176,0.307359,0.554481,0.288754,0.52522,0.3124
cable_routing,branch_resource_depletion,unseen_contact,0.62,0.616312,0.425295,0.403523,0.308764,0.557967,0.3388
cable_routing,branch_resource_depletion,unseen_compliance,0.66,0.5986,0.321512,0.434972,0.316767,0.574341,0.33
cable_routing,branch_resource_depletion,probe_latency,0.68,0.607456,0.330947,0.428682,0.320769,0.607089,0.3344
cable_routing,branch_resource_depletion,sensor_dropout,0.7,0.793432,0.340381,0.447552,0.324771,0.615276,0.4268
cable_routing,branch_resource_depletion,heldout_combined_contact_uncertainty,0.86,0.704872,0.425295,0.541901,0.356787,0.729892,0.3828
cable_routing,combined_contact_uncertainty,nominal,0.1,0.473008,0.376804,0.376804,0.243443,0.376387,0.4428
cable_routing,combined_contact_uncertainty,seen_shift,0.38,0.58468,0.474472,0.451933,0.31007,0.436424,0.533
cable_routing,combined_contact_uncertainty,unseen_object,0.52,0.645592,0.489498,0.662296,0.343383,0.481452,0.5822
cable_routing,combined_contact_uncertainty,unseen_contact,0.62,0.706504,0.677322,0.481985,0.367178,0.51147,0.6314
cable_routing,combined_contact_uncertainty,unseen_compliance,0.66,0.6862,0.512037,0.51955,0.376696,0.526479,0.615
cable_routing,combined_contact_uncertainty,probe_latency,0.68,0.696352,0.527063,0.512037,0.381455,0.556498,0.6232
cable_routing,combined_contact_uncertainty,sensor_dropout,0.7,0.909544,0.542089,0.534576,0.386214,0.564003,0.7954
cable_routing,combined_contact_uncertainty,heldout_combined_contact_uncertainty,0.86,0.808024,0.677322,0.64727,0.424287,0.669068,0.7134
tool_levering,nominal,nominal,0.1,0.060384,0.062801,0.044858,0.039368,0.024202,0.0324
tool_levering,nominal,seen_shift,0.38,0.07464,0.079079,0.053802,0.050142,0.028063,0.039
tool_levering,nominal,unseen_object,0.52,0.082416,0.081583,0.078845,0.05553,0.030958,0.0426
tool_levering,nominal,unseen_contact,0.62,0.090192,0.112887,0.057379,0.059378,0.032888,0.0462
tool_levering,nominal,unseen_compliance,0.66,0.0876,0.08534,0.061851,0.060917,0.033853,0.045
tool_levering,nominal,probe_latency,0.68,0.088896,0.087844,0.060957,0.061686,0.035784,0.0456
tool_levering,nominal,sensor_dropout,0.7,0.116112,0.090348,0.06364,0.062456,0.036266,0.0582
tool_levering,nominal,heldout_combined_contact_uncertainty,0.86,0.103152,0.112887,0.077056,0.068613,0.043022,0.0522
tool_levering,hidden_friction,nominal,0.1,0.362304,0.403718,0.107658,0.149598,0.084708,0.108
tool_levering,hidden_friction,seen_shift,0.38,0.44784,0.508363,0.129124,0.190541,0.09822,0.13
tool_levering,hidden_friction,unseen_object,0.52,0.494496,0.524462,0.189228,0.211012,0.108353,0.142
tool_levering,hidden_friction,unseen_contact,0.62,0.541152,0.725702,0.13771,0.225635,0.115109,0.154
tool_levering,hidden_friction,unseen_compliance,0.66,0.5256,0.548611,0.148443,0.231484,0.118487,0.15
tool_levering,hidden_friction,probe_latency,0.68,0.533376,0.56471,0.146296,0.234408,0.125243,0.152
tool_levering,hidden_friction,sensor_dropout,0.7,0.696672,0.58081,0.152736,0.237333,0.126932,0.194
tool_levering,hidden_friction,heldout_combined_contact_uncertainty,0.86,0.618912,0.725702,0.184934,0.260729,0.150577,0.174
tool_levering,pose_ambiguity,nominal,0.1,0.382432,0.152516,0.170459,0.165346,0.090758,0.162
tool_levering,pose_ambiguity,seen_shift,0.38,0.47272,0.192048,0.204446,0.210598,0.105235,0.195
tool_levering,pose_ambiguity,unseen_object,0.52,0.521968,0.19813,0.29961,0.233224,0.116093,0.213
tool_levering,pose_ambiguity,unseen_contact,0.62,0.571216,0.274154,0.218041,0.249386,0.123331,0.231
tool_levering,pose_ambiguity,unseen_compliance,0.66,0.5548,0.207253,0.235035,0.255851,0.12695,0.225
tool_levering,pose_ambiguity,probe_latency,0.68,0.563008,0.213335,0.231636,0.259083,0.134189,0.228
tool_levering,pose_ambiguity,sensor_dropout,0.7,0.735376,0.219417,0.241832,0.262315,0.135998,0.291
tool_levering,pose_ambiguity,heldout_combined_contact_uncertainty,0.86,0.653296,0.274154,0.292813,0.288174,0.161333,0.261
tool_levering,compliance_ambiguity,nominal,0.1,0.40256,0.215316,0.260174,0.228334,0.127062,0.1728
tool_levering,compliance_ambiguity,seen_shift,0.38,0.4976,0.271127,0.312049,0.290826,0.147329,0.208
tool_levering,compliance_ambiguity,unseen_object,0.52,0.54944,0.279713,0.4573,0.322072,0.16253,0.2272
tool_levering,compliance_ambiguity,unseen_contact,0.62,0.60128,0.387041,0.332799,0.34439,0.172664,0.2464
tool_levering,compliance_ambiguity,unseen_compliance,0.66,0.584,0.292593,0.358737,0.353317,0.177731,0.24
tool_levering,compliance_ambiguity,probe_latency,0.68,0.59264,0.301179,0.353549,0.357781,0.187864,0.2432
tool_levering,compliance_ambiguity,sensor_dropout,0.7,0.77408,0.309765,0.369112,0.362245,0.190398,0.3104
tool_levering,compliance_ambiguity,heldout_combined_contact_uncertainty,0.86,0.68768,0.387041,0.446925,0.397954,0.225866,0.2784
tool_levering,jamming_ambiguity,nominal,0.1,0.412624,0.197373,0.421661,0.267702,0.169416,0.1944
tool_levering,jamming_ambiguity,seen_shift,0.38,0.51004,0.248533,0.505735,0.340968,0.196439,0.234
tool_levering,jamming_ambiguity,unseen_object,0.52,0.563176,0.256404,0.741141,0.377601,0.216707,0.2556
tool_levering,jamming_ambiguity,unseen_contact,0.62,0.616312,0.354788,0.539364,0.403768,0.230218,0.2772
tool_levering,jamming_ambiguity,unseen_compliance,0.66,0.5986,0.26821,0.581401,0.414234,0.236974,0.27
tool_levering,jamming_ambiguity,probe_latency,0.68,0.607456,0.276081,0.572994,0.419468,0.250486,0.2736
tool_levering,jamming_ambiguity,sensor_dropout,0.7,0.793432,0.283951,0.598216,0.424701,0.253864,0.3492
tool_levering,jamming_ambiguity,heldout_combined_contact_uncertainty,0.86,0.704872,0.354788,0.724326,0.466567,0.301155,0.3132
tool_levering,release_uncertainty,nominal,0.1,0.392496,0.188402,0.11663,0.244082,0.139163,0.1836
tool_levering,release_uncertainty,seen_shift,0.38,0.48516,0.237236,0.139884,0.310883,0.161361,0.221
tool_levering,release_uncertainty,unseen_object,0.52,0.535704,0.244749,0.204996,0.344284,0.178009,0.2414
tool_levering,release_uncertainty,unseen_contact,0.62,0.586248,0.338661,0.149186,0.368141,0.189108,0.2618
tool_levering,release_uncertainty,unseen_compliance,0.66,0.5694,0.256019,0.160813,0.377684,0.194657,0.255
tool_levering,release_uncertainty,probe_latency,0.68,0.577824,0.263532,0.158488,0.382456,0.205756,0.2584
tool_levering,release_uncertainty,sensor_dropout,0.7,0.754728,0.271044,0.165464,0.387227,0.208531,0.3298
tool_levering,release_uncertainty,heldout_combined_contact_uncertainty,0.86,0.670488,0.338661,0.200346,0.425399,0.247377,0.2958
tool_levering,partial_observability_dropout,nominal,0.1,0.432752,0.23326,0.23326,0.220461,0.157315,0.5076
tool_levering,partial_observability_dropout,seen_shift,0.38,0.53492,0.293721,0.279768,0.280797,0.182408,0.611
tool_levering,partial_observability_dropout,unseen_object,0.52,0.590648,0.303023,0.409993,0.310966,0.201228,0.6674
tool_levering,partial_observability_dropout,unseen_contact,0.62,0.646376,0.419295,0.298372,0.332515,0.213774,0.7238
tool_levering,partial_observability_dropout,unseen_compliance,0.66,0.6278,0.316975,0.321626,0.341134,0.220047,0.705
tool_levering,partial_observability_dropout,probe_latency,0.68,0.637088,0.326277,0.316975,0.345444,0.232594,0.7144
tool_levering,partial_observability_dropout,sensor_dropout,0.7,0.832136,0.335579,0.330928,0.349754,0.235731,0.9118
tool_levering,partial_observability_dropout,heldout_combined_contact_uncertainty,0.86,0.739256,0.419295,0.400691,0.384232,0.279644,0.8178
tool_levering,irreversible_damage_risk,nominal,0.1,0.422688,0.224288,0.278117,0.370059,0.223871,0.2268
tool_levering,irreversible_damage_risk,seen_shift,0.38,0.52248,0.282424,0.33357,0.471339,0.25958,0.273
tool_levering,irreversible_damage_risk,unseen_object,0.52,0.576912,0.291368,0.488838,0.521978,0.286362,0.2982
tool_levering,irreversible_damage_risk,unseen_contact,0.62,0.631344,0.403168,0.355751,0.558149,0.304217,0.3234
tool_levering,irreversible_damage_risk,unseen_compliance,0.66,0.6132,0.304784,0.383477,0.572618,0.313144,0.315
tool_levering,irreversible_damage_risk,probe_latency,0.68,0.622272,0.313728,0.377932,0.579852,0.330999,0.3192
tool_levering,irreversible_damage_risk,sensor_dropout,0.7,0.812784,0.322672,0.394568,0.587086,0.335463,0.4074
tool_levering,irreversible_damage_risk,heldout_combined_contact_uncertainty,0.86,0.722064,0.403168,0.477747,0.64496,0.397954,0.3654
tool_levering,branch_resource_depletion,nominal,0.1,0.412624,0.242231,0.322975,0.291323,0.290427,0.2376
tool_levering,branch_resource_depletion,seen_shift,0.38,0.51004,0.305018,0.387372,0.371054,0.336753,0.286
tool_levering,branch_resource_depletion,unseen_object,0.52,0.563176,0.314677,0.567683,0.410919,0.371497,0.3124
tool_levering,branch_resource_depletion,unseen_contact,0.62,0.616312,0.435421,0.41313,0.439394,0.39466,0.3388
tool_levering,branch_resource_depletion,unseen_compliance,0.66,0.5986,0.329167,0.445329,0.450784,0.406241,0.33
tool_levering,branch_resource_depletion,probe_latency,0.68,0.607456,0.338826,0.438889,0.456479,0.429404,0.3344
tool_levering,branch_resource_depletion,sensor_dropout,0.7,0.793432,0.348486,0.458208,0.462174,0.435195,0.4268
tool_levering,branch_resource_depletion,heldout_combined_contact_uncertainty,0.86,0.704872,0.435421,0.554803,0.507735,0.516265,0.3828
tool_levering,combined_contact_uncertainty,nominal,0.1,0.473008,0.385775,0.385775,0.346438,0.266225,0.4428
tool_levering,combined_contact_uncertainty,seen_shift,0.38,0.58468,0.485769,0.462694,0.441253,0.30869,0.533
tool_levering,combined_contact_uncertainty,unseen_object,0.52,0.645592,0.501153,0.678065,0.48866,0.340539,0.5822
tool_levering,combined_contact_uncertainty,unseen_contact,0.62,0.706504,0.693449,0.493461,0.522523,0.361772,0.6314
tool_levering,combined_contact_uncertainty,unseen_compliance,0.66,0.6862,0.524228,0.53192,0.536068,0.372388,0.615
tool_levering,combined_contact_uncertainty,probe_latency,0.68,0.696352,0.539612,0.524228,0.54284,0.39362,0.6232
tool_levering,combined_contact_uncertainty,sensor_dropout,0.7,0.909544,0.554996,0.547304,0.549613,0.398929,0.7954
tool_levering,combined_contact_uncertainty,heldout_combined_contact_uncertainty,0.86,0.808024,0.693449,0.662682,0.603793,0.473243,0.7134
mobile_handoff,nominal,nominal,0.1,0.060384,0.051117,0.036512,0.032984,0.02754,0.0324
mobile_handoff,nominal,seen_shift,0.38,0.07464,0.064366,0.043792,0.042011,0.031933,0.039
mobile_handoff,nominal,unseen_object,0.52,0.082416,0.066405,0.064176,0.046525,0.035228,0.0426
mobile_handoff,nominal,unseen_contact,0.62,0.090192,0.091885,0.046704,0.049749,0.037425,0.0462
mobile_handoff,nominal,unseen_compliance,0.66,0.0876,0.069462,0.050344,0.051038,0.038523,0.045
mobile_handoff,nominal,probe_latency,0.68,0.088896,0.071501,0.049616,0.051683,0.040719,0.0456
mobile_handoff,nominal,sensor_dropout,0.7,0.116112,0.073539,0.0518,0.052328,0.041268,0.0582
mobile_handoff,nominal,heldout_combined_contact_uncertainty,0.86,0.103152,0.091885,0.06272,0.057486,0.048956,0.0522
mobile_handoff,hidden_friction,nominal,0.1,0.362304,0.328608,0.087629,0.125339,0.096392,0.108
mobile_handoff,hidden_friction,seen_shift,0.38,0.44784,0.413784,0.105101,0.159643,0.111767,0.13
mobile_handoff,hidden_friction,unseen_object,0.52,0.494496,0.426888,0.154022,0.176794,0.123299,0.142
mobile_handoff,hidden_friction,unseen_contact,0.62,0.541152,0.590688,0.11209,0.189045,0.130986,0.154
mobile_handoff,hidden_friction,unseen_compliance,0.66,0.5256,0.446544,0.120826,0.193946,0.13483,0.15
mobile_handoff,hidden_friction,probe_latency,0.68,0.533376,0.459648,0.119078,0.196396,0.142518,0.152
mobile_handoff,hidden_friction,sensor_dropout,0.7,0.696672,0.472752,0.12432,0.198846,0.14444,0.194
mobile_handoff,hidden_friction,heldout_combined_contact_uncertainty,0.86,0.618912,0.590688,0.150528,0.218448,0.171347,0.174
mobile_handoff,pose_ambiguity,nominal,0.1,0.382432,0.124141,0.138746,0.138533,0.103277,0.162
mobile_handoff,pose_ambiguity,seen_shift,0.38,0.47272,0.156318,0.16641,0.176447,0.11975,0.195
mobile_handoff,pose_ambiguity,unseen_object,0.52,0.521968,0.161269,0.243869,0.195404,0.132106,0.213
mobile_handoff,pose_ambiguity,unseen_contact,0.62,0.571216,0.223149,0.177475,0.208945,0.140342,0.231
mobile_handoff,pose_ambiguity,unseen_compliance,0.66,0.5548,0.168694,0.191307,0.214361,0.144461,0.225
mobile_handoff,pose_ambiguity,probe_latency,0.68,0.563008,0.173645,0.188541,0.217069,0.152698,0.228
mobile_handoff,pose_ambiguity,sensor_dropout,0.7,0.735376,0.178595,0.19684,0.219778,0.154757,0.291
mobile_handoff,pose_ambiguity,heldout_combined_contact_uncertainty,0.86,0.653296,0.223149,0.238336,0.241443,0.183586,0.261
mobile_handoff,compliance_ambiguity,nominal,0.1,0.40256,0.175258,0.21177,0.191307,0.144588,0.1728
mobile_handoff,compliance_ambiguity,seen_shift,0.38,0.4976,0.220685,0.253994,0.243665,0.167651,0.208
mobile_handoff,compliance_ambiguity,unseen_object,0.52,0.54944,0.227674,0.372221,0.269844,0.184948,0.2272
mobile_handoff,compliance_ambiguity,unseen_contact,0.62,0.60128,0.315034,0.270883,0.288543,0.196479,0.2464
mobile_handoff,compliance_ambiguity,unseen_compliance,0.66,0.584,0.238157,0.291995,0.296023,0.202245,0.24
mobile_handoff,compliance_ambiguity,probe_latency,0.68,0.59264,0.245146,0.287773,0.299763,0.213777,0.2432
mobile_handoff,compliance_ambiguity,sensor_dropout,0.7,0.77408,0.252134,0.30044,0.303502,0.21666,0.3104
mobile_handoff,compliance_ambiguity,heldout_combined_contact_uncertainty,0.86,0.68768,0.315034,0.363776,0.333421,0.25702,0.2784
mobile_handoff,jamming_ambiguity,nominal,0.1,0.412624,0.160653,0.343213,0.224291,0.192783,0.1944
mobile_handoff,jamming_ambiguity,seen_shift,0.38,0.51004,0.202294,0.411645,0.285676,0.223534,0.234
mobile_handoff,jamming_ambiguity,unseen_object,0.52,0.563176,0.208701,0.603254,0.316369,0.246597,0.2556
mobile_handoff,jamming_ambiguity,unseen_contact,0.62,0.616312,0.288781,0.439018,0.338292,0.261972,0.2772
mobile_handoff,jamming_ambiguity,unseen_compliance,0.66,0.5986,0.21831,0.473234,0.347061,0.26966,0.27
mobile_handoff,jamming_ambiguity,probe_latency,0.68,0.607456,0.224717,0.46639,0.351446,0.285036,0.2736
mobile_handoff,jamming_ambiguity,sensor_dropout,0.7,0.793432,0.231123,0.48692,0.35583,0.288879,0.3492
mobile_handoff,jamming_ambiguity,heldout_combined_contact_uncertainty,0.86,0.704872,0.288781,0.589568,0.390908,0.342693,0.3132
mobile_handoff,release_uncertainty,nominal,0.1,0.392496,0.15335,0.094931,0.204501,0.158358,0.1836
mobile_handoff,release_uncertainty,seen_shift,0.38,0.48516,0.193099,0.113859,0.260469,0.183617,0.221
mobile_handoff,release_uncertainty,unseen_object,0.52,0.535704,0.199214,0.166858,0.288454,0.202562,0.2414
mobile_handoff,release_uncertainty,unseen_contact,0.62,0.586248,0.275654,0.12143,0.308443,0.215192,0.2618
mobile_handoff,release_uncertainty,unseen_compliance,0.66,0.5694,0.208387,0.130894,0.316438,0.221507,0.255
mobile_handoff,release_uncertainty,probe_latency,0.68,0.577824,0.214502,0.129002,0.320436,0.234136,0.2584
mobile_handoff,release_uncertainty,sensor_dropout,0.7,0.754728,0.220618,0.13468,0.324434,0.237294,0.3298
mobile_handoff,release_uncertainty,heldout_combined_contact_uncertainty,0.86,0.670488,0.275654,0.163072,0.356416,0.281498,0.2958
mobile_handoff,partial_observability_dropout,nominal,0.1,0.432752,0.189862,0.189862,0.18471,0.179013,0.5076
mobile_handoff,partial_observability_dropout,seen_shift,0.38,0.53492,0.239075,0.227718,0.235263,0.207567,0.611
mobile_handoff,partial_observability_dropout,unseen_object,0.52,0.590648,0.246646,0.333715,0.260539,0.228983,0.6674
mobile_handoff,partial_observability_dropout,unseen_contact,0.62,0.646376,0.341286,0.242861,0.278593,0.24326,0.7238
mobile_handoff,partial_observability_dropout,unseen_compliance,0.66,0.6278,0.258003,0.261789,0.285815,0.250399,0.705
mobile_handoff,partial_observability_dropout,probe_latency,0.68,0.637088,0.265574,0.258003,0.289426,0.264676,0.7144
mobile_handoff,partial_observability_dropout,sensor_dropout,0.7,0.832136,0.273146,0.26936,0.293037,0.268245,0.9118
mobile_handoff,partial_observability_dropout,heldout_combined_contact_uncertainty,0.86,0.739256,0.341286,0.326144,0.321924,0.318215,0.8178
mobile_handoff,irreversible_damage_risk,nominal,0.1,0.422688,0.18256,0.226374,0.31005,0.254749,0.2268
mobile_handoff,irreversible_damage_risk,seen_shift,0.38,0.52248,0.22988,0.27151,0.394905,0.295384,0.273
mobile_handoff,irreversible_damage_risk,unseen_object,0.52,0.576912,0.23716,0.397891,0.437333,0.32586,0.2982
mobile_handoff,irreversible_damage_risk,unseen_contact,0.62,0.631344,0.32816,0.289565,0.467639,0.346178,0.3234
mobile_handoff,irreversible_damage_risk,unseen_compliance,0.66,0.6132,0.24808,0.312133,0.479761,0.356337,0.315
mobile_handoff,irreversible_damage_risk,probe_latency,0.68,0.622272,0.25536,0.307619,0.485822,0.376654,0.3192
mobile_handoff,irreversible_damage_risk,sensor_dropout,0.7,0.812784,0.26264,0.32116,0.491883,0.381733,0.4074
mobile_handoff,irreversible_damage_risk,heldout_combined_contact_uncertainty,0.86,0.722064,0.32816,0.388864,0.540372,0.452844,0.3654
mobile_handoff,branch_resource_depletion,nominal,0.1,0.412624,0.197165,0.262886,0.244082,0.330486,0.2376
mobile_handoff,branch_resource_depletion,seen_shift,0.38,0.51004,0.24827,0.315302,0.310883,0.383201,0.286
mobile_handoff,branch_resource_depletion,unseen_object,0.52,0.563176,0.256133,0.462067,0.344284,0.422738,0.3124
mobile_handoff,branch_resource_depletion,unseen_contact,0.62,0.616312,0.354413,0.336269,0.368141,0.449096,0.3388
mobile_handoff,branch_resource_depletion,unseen_compliance,0.66,0.5986,0.267926,0.362477,0.377684,0.462275,0.33
mobile_handoff,branch_resource_depletion,probe_latency,0.68,0.607456,0.275789,0.357235,0.382456,0.488632,0.3344
mobile_handoff,branch_resource_depletion,sensor_dropout,0.7,0.793432,0.283651,0.37296,0.387227,0.495222,0.4268
mobile_handoff,branch_resource_depletion,heldout_combined_contact_uncertainty,0.86,0.704872,0.354413,0.451584,0.425399,0.587474,0.3828
mobile_handoff,combined_contact_uncertainty,nominal,0.1,0.473008,0.314003,0.314003,0.290259,0.302945,0.4428
mobile_handoff,combined_contact_uncertainty,seen_shift,0.38,0.58468,0.395394,0.376611,0.369699,0.351268,0.533
mobile_handoff,combined_contact_uncertainty,unseen_object,0.52,0.645592,0.407915,0.551914,0.409418,0.38751,0.5822
mobile_handoff,combined_contact_uncertainty,unseen_contact,0.62,0.706504,0.564435,0.401654,0.437789,0.411671,0.6314
mobile_handoff,combined_contact_uncertainty,unseen_compliance,0.66,0.6862,0.426698,0.432958,0.449138,0.423752,0.615
mobile_handoff,combined_contact_uncertainty,probe_latency,0.68,0.696352,0.439219,0.426698,0.454812,0.447913,0.6232
mobile_handoff,combined_contact_uncertainty,sensor_dropout,0.7,0.909544,0.451741,0.44548,0.460486,0.453953,0.7954
mobile_handoff,combined_contact_uncertainty,heldout_combined_contact_uncertainty,0.86,0.808024,0.564435,0.539392,0.50588,0.538518,0.7134
bimanual_fixture_alignment,nominal,nominal,0.1,0.060384,0.064261,0.045901,0.036176,0.031713,0.0324
bimanual_fixture_alignment,nominal,seen_shift,0.38,0.07464,0.080918,0.055053,0.046077,0.036772,0.039
bimanual_fixture_alignment,nominal,unseen_object,0.52,0.082416,0.08348,0.080678,0.051027,0.040566,0.0426
bimanual_fixture_alignment,nominal,unseen_contact,0.62,0.090192,0.115512,0.058714,0.054563,0.043095,0.0462
bimanual_fixture_alignment,nominal,unseen_compliance,0.66,0.0876,0.087324,0.06329,0.055978,0.04436,0.045
bimanual_fixture_alignment,nominal,probe_latency,0.68,0.088896,0.089887,0.062374,0.056685,0.046889,0.0456
bimanual_fixture_alignment,nominal,sensor_dropout,0.7,0.116112,0.092449,0.06512,0.057392,0.047521,0.0582
bimanual_fixture_alignment,nominal,heldout_combined_contact_uncertainty,0.86,0.103152,0.115512,0.078848,0.06305,0.056374,0.0522
bimanual_fixture_alignment,hidden_friction,nominal,0.1,0.362304,0.413107,0.110162,0.137469,0.110996,0.108
bimanual_fixture_alignment,hidden_friction,seen_shift,0.38,0.44784,0.520186,0.132127,0.175092,0.128701,0.13
bimanual_fixture_alignment,hidden_friction,unseen_object,0.52,0.494496,0.536659,0.193628,0.193903,0.14198,0.142
bimanual_fixture_alignment,hidden_friction,unseen_contact,0.62,0.541152,0.742579,0.140913,0.20734,0.150833,0.154
bimanual_fixture_alignment,hidden_friction,unseen_compliance,0.66,0.5256,0.56137,0.151895,0.212715,0.155259,0.15
bimanual_fixture_alignment,hidden_friction,probe_latency,0.68,0.533376,0.577843,0.149699,0.215402,0.164111,0.152
bimanual_fixture_alignment,hidden_friction,sensor_dropout,0.7,0.696672,0.594317,0.156288,0.21809,0.166324,0.194
bimanual_fixture_alignment,hidden_friction,heldout_combined_contact_uncertainty,0.86,0.618912,0.742579,0.189235,0.239588,0.197308,0.174
bimanual_fixture_alignment,pose_ambiguity,nominal,0.1,0.382432,0.156063,0.174423,0.151939,0.118925,0.162
bimanual_fixture_alignment,pose_ambiguity,seen_shift,0.38,0.47272,0.196515,0.209201,0.193523,0.137894,0.195
bimanual_fixture_alignment,pose_ambiguity,unseen_object,0.52,0.521968,0.202738,0.306578,0.214314,0.152122,0.213
bimanual_fixture_alignment,pose_ambiguity,unseen_contact,0.62,0.571216,0.28053,0.223112,0.229165,0.161606,0.231
bimanual_fixture_alignment,pose_ambiguity,unseen_compliance,0.66,0.5548,0.212073,0.2405,0.235106,0.166349,0.225
bimanual_fixture_alignment,pose_ambiguity,probe_latency,0.68,0.563008,0.218296,0.237023,0.238076,0.175834,0.228
bimanual_fixture_alignment,pose_ambiguity,sensor_dropout,0.7,0.735376,0.22452,0.247456,0.241046,0.178205,0.291
bimanual_fixture_alignment,pose_ambiguity,heldout_combined_contact_uncertainty,0.86,0.653296,0.28053,0.299622,0.264808,0.211402,0.261
bimanual_fixture_alignment,compliance_ambiguity,nominal,0.1,0.40256,0.220324,0.266225,0.209821,0.166495,0.1728
bimanual_fixture_alignment,compliance_ambiguity,seen_shift,0.38,0.4976,0.277432,0.319306,0.267245,0.193052,0.208
bimanual_fixture_alignment,compliance_ambiguity,unseen_object,0.52,0.54944,0.286218,0.467935,0.295958,0.21297,0.2272
bimanual_fixture_alignment,compliance_ambiguity,unseen_contact,0.62,0.60128,0.396042,0.340539,0.316467,0.226249,0.2464
bimanual_fixture_alignment,compliance_ambiguity,unseen_compliance,0.66,0.584,0.299397,0.36708,0.32467,0.232888,0.24
bimanual_fixture_alignment,compliance_ambiguity,probe_latency,0.68,0.59264,0.308183,0.361772,0.328772,0.246167,0.2432
bimanual_fixture_alignment,compliance_ambiguity,sensor_dropout,0.7,0.77408,0.316969,0.377696,0.332874,0.249487,0.3104
bimanual_fixture_alignment,compliance_ambiguity,heldout_combined_contact_uncertainty,0.86,0.68768,0.396042,0.457318,0.365688,0.295962,0.2784
bimanual_fixture_alignment,jamming_ambiguity,nominal,0.1,0.412624,0.201964,0.431468,0.245997,0.221993,0.1944
bimanual_fixture_alignment,jamming_ambiguity,seen_shift,0.38,0.51004,0.254313,0.517496,0.313322,0.257403,0.234
bimanual_fixture_alignment,jamming_ambiguity,unseen_object,0.52,0.563176,0.262367,0.758377,0.346985,0.28396,0.2556
bimanual_fixture_alignment,jamming_ambiguity,unseen_contact,0.62,0.616312,0.363039,0.551908,0.37103,0.301665,0.2772
bimanual_fixture_alignment,jamming_ambiguity,unseen_compliance,0.66,0.5986,0.274447,0.594922,0.380648,0.310518,0.27
bimanual_fixture_alignment,jamming_ambiguity,probe_latency,0.68,0.607456,0.282501,0.586319,0.385457,0.328223,0.2736
bimanual_fixture_alignment,jamming_ambiguity,sensor_dropout,0.7,0.793432,0.290555,0.612128,0.390266,0.332649,0.3492
bimanual_fixture_alignment,jamming_ambiguity,heldout_combined_contact_uncertainty,0.86,0.704872,0.363039,0.741171,0.428737,0.394616,0.3132
bimanual_fixture_alignment,release_uncertainty,nominal,0.1,0.392496,0.192783,0.119342,0.224291,0.182351,0.1836
bimanual_fixture_alignment,release_uncertainty,seen_shift,0.38,0.48516,0.242753,0.143137,0.285676,0.211438,0.221
bimanual_fixture_alignment,release_uncertainty,unseen_object,0.52,0.535704,0.250441,0.209764,0.316369,0.233253,0.2414
bimanual_fixture_alignment,release_uncertainty,unseen_contact,0.62,0.586248,0.346537,0.152655,0.338292,0.247796,0.2618
bimanual_fixture_alignment,release_uncertainty,unseen_compliance,0.66,0.5694,0.261972,0.164553,0.347061,0.255068,0.255
bimanual_fixture_alignment,release_uncertainty,probe_latency,0.68,0.577824,0.26966,0.162173,0.351446,0.269612,0.2584
bimanual_fixture_alignment,release_uncertainty,sensor_dropout,0.7,0.754728,0.277348,0.169312,0.35583,0.273247,0.3298
bimanual_fixture_alignment,release_uncertainty,heldout_combined_contact_uncertainty,0.86,0.670488,0.346537,0.205005,0.390908,0.324149,0.2958
bimanual_fixture_alignment,partial_observability_dropout,nominal,0.1,0.432752,0.238684,0.238684,0.202586,0.206136,0.5076
bimanual_fixture_alignment,partial_observability_dropout,seen_shift,0.38,0.53492,0.300552,0.286275,0.25803,0.239017,0.611
bimanual_fixture_alignment,partial_observability_dropout,unseen_object,0.52,0.590648,0.31007,0.419528,0.285752,0.263677,0.6674
bimanual_fixture_alignment,partial_observability_dropout,unseen_contact,0.62,0.646376,0.429046,0.305311,0.305554,0.280118,0.7238
bimanual_fixture_alignment,partial_observability_dropout,unseen_compliance,0.66,0.6278,0.324347,0.329106,0.313475,0.288338,0.705
bimanual_fixture_alignment,partial_observability_dropout,probe_latency,0.68,0.637088,0.333865,0.324347,0.317435,0.304778,0.7144
bimanual_fixture_alignment,partial_observability_dropout,sensor_dropout,0.7,0.832136,0.343383,0.338624,0.321395,0.308888,0.9118
bimanual_fixture_alignment,partial_observability_dropout,heldout_combined_contact_uncertainty,0.86,0.739256,0.429046,0.41001,0.353078,0.366429,0.8178
bimanual_fixture_alignment,irreversible_damage_risk,nominal,0.1,0.422688,0.229504,0.284585,0.340054,0.293348,0.2268
bimanual_fixture_alignment,irreversible_damage_risk,seen_shift,0.38,0.52248,0.288992,0.341327,0.433122,0.34014,0.273
bimanual_fixture_alignment,irreversible_damage_risk,unseen_object,0.52,0.576912,0.298144,0.500206,0.479656,0.375233,0.2982
bimanual_fixture_alignment,irreversible_damage_risk,unseen_contact,0.62,0.631344,0.412544,0.364024,0.512894,0.398629,0.3234
bimanual_fixture_alignment,irreversible_damage_risk,unseen_compliance,0.66,0.6132,0.311872,0.392396,0.526189,0.410327,0.315
bimanual_fixture_alignment,irreversible_damage_risk,probe_latency,0.68,0.622272,0.321024,0.386721,0.532837,0.433723,0.3192
bimanual_fixture_alignment,irreversible_damage_risk,sensor_dropout,0.7,0.812784,0.330176,0.403744,0.539485,0.439572,0.4074
bimanual_fixture_alignment,irreversible_damage_risk,heldout_combined_contact_uncertainty,0.86,0.722064,0.412544,0.488858,0.592666,0.521457,0.3654
bimanual_fixture_alignment,branch_resource_depletion,nominal,0.1,0.412624,0.247864,0.330486,0.267702,0.380559,0.2376
bimanual_fixture_alignment,branch_resource_depletion,seen_shift,0.38,0.51004,0.312111,0.39638,0.340968,0.441262,0.286
bimanual_fixture_alignment,branch_resource_depletion,unseen_object,0.52,0.563176,0.321996,0.580884,0.377601,0.486789,0.3124
bimanual_fixture_alignment,branch_resource_depletion,unseen_contact,0.62,0.616312,0.445548,0.422738,0.403768,0.51714,0.3388
bimanual_fixture_alignment,branch_resource_depletion,unseen_compliance,0.66,0.5986,0.336822,0.455685,0.414234,0.532316,0.33
bimanual_fixture_alignment,branch_resource_depletion,probe_latency,0.68,0.607456,0.346706,0.449096,0.419468,0.562668,0.3344
bimanual_fixture_alignment,branch_resource_depletion,sensor_dropout,0.7,0.793432,0.35659,0.468864,0.424701,0.570255,0.4268
bimanual_fixture_alignment,branch_resource_depletion,heldout_combined_contact_uncertainty,0.86,0.704872,0.445548,0.567706,0.466567,0.676485,0.3828
bimanual_fixture_alignment,combined_contact_uncertainty,nominal,0.1,0.473008,0.394747,0.394747,0.318349,0.348846,0.4428
bimanual_fixture_alignment,combined_contact_uncertainty,seen_shift,0.38,0.58468,0.497066,0.473454,0.405476,0.40449,0.533
bimanual_fixture_alignment,combined_contact_uncertainty,unseen_object,0.52,0.645592,0.512808,0.693834,0.449039,0.446223,0.5822
bimanual_fixture_alignment,combined_contact_uncertainty,unseen_contact,0.62,0.706504,0.709576,0.504937,0.480156,0.474045,0.6314
bimanual_fixture_alignment,combined_contact_uncertainty,unseen_compliance,0.66,0.6862,0.53642,0.544291,0.492603,0.487956,0.615
bimanual_fixture_alignment,combined_contact_uncertainty,probe_latency,0.68,0.696352,0.552161,0.53642,0.498826,0.515779,0.6232
bimanual_fixture_alignment,combined_contact_uncertainty,sensor_dropout,0.7,0.909544,0.567903,0.560032,0.50505,0.522734,0.7954
bimanual_fixture_alignment,combined_contact_uncertainty,heldout_combined_contact_uncertainty,0.86,0.808024,0.709576,0.678093,0.554836,0.620111,0.7134
deformable_bin_packing,nominal,nominal,0.1,0.060384,0.05988,0.042771,0.029792,0.030044,0.0324
deformable_bin_packing,nominal,seen_shift,0.38,0.07464,0.075401,0.051299,0.037946,0.034836,0.039
deformable_bin_packing,nominal,unseen_object,0.52,0.082416,0.077788,0.075178,0.042022,0.038431,0.0426
deformable_bin_packing,nominal,unseen_contact,0.62,0.090192,0.107636,0.05471,0.044934,0.040827,0.0462
deformable_bin_packing,nominal,unseen_compliance,0.66,0.0876,0.08137,0.058974,0.046099,0.042025,0.045
deformable_bin_packing,nominal,probe_latency,0.68,0.088896,0.083758,0.058122,0.046682,0.044421,0.0456
deformable_bin_packing,nominal,sensor_dropout,0.7,0.116112,0.086146,0.06068,0.047264,0.04502,0.0582
deformable_bin_packing,nominal,heldout_combined_contact_uncertainty,0.86,0.103152,0.107636,0.073472,0.051923,0.053407,0.0522
deformable_bin_packing,hidden_friction,nominal,0.1,0.362304,0.384941,0.102651,0.11321,0.105155,0.108
deformable_bin_packing,hidden_friction,seen_shift,0.38,0.44784,0.484718,0.123118,0.144193,0.121928,0.13
deformable_bin_packing,hidden_friction,unseen_object,0.52,0.494496,0.500069,0.180426,0.159685,0.134508,0.142
deformable_bin_packing,hidden_friction,unseen_contact,0.62,0.541152,0.691949,0.131305,0.170751,0.142894,0.154
deformable_bin_packing,hidden_friction,unseen_compliance,0.66,0.5256,0.523094,0.141539,0.175177,0.147087,0.15
deformable_bin_packing,hidden_friction,probe_latency,0.68,0.533376,0.538445,0.139492,0.17739,0.155474,0.152
deformable_bin_packing,hidden_friction,sensor_dropout,0.7,0.696672,0.553795,0.145632,0.179603,0.157571,0.194
deformable_bin_packing,hidden_friction,heldout_combined_contact_uncertainty,0.86,0.618912,0.691949,0.176333,0.197308,0.186924,0.174
deformable_bin_packing,pose_ambiguity,nominal,0.1,0.382432,0.145422,0.162531,0.125126,0.112666,0.162
deformable_bin_packing,pose_ambiguity,seen_shift,0.38,0.47272,0.183116,0.194937,0.159372,0.130637,0.195
deformable_bin_packing,pose_ambiguity,unseen_object,0.52,0.521968,0.188915,0.285675,0.176494,0.144115,0.213
deformable_bin_packing,pose_ambiguity,unseen_contact,0.62,0.571216,0.261403,0.2079,0.188724,0.153101,0.231
deformable_bin_packing,pose_ambiguity,unseen_compliance,0.66,0.5548,0.197613,0.224103,0.193617,0.157594,0.225
deformable_bin_packing,pose_ambiguity,probe_latency,0.68,0.563008,0.203412,0.220862,0.196063,0.166579,0.228
deformable_bin_packing,pose_ambiguity,sensor_dropout,0.7,0.735376,0.209212,0.230584,0.198509,0.168826,0.291
deformable_bin_packing,pose_ambiguity,heldout_combined_contact_uncertainty,0.86,0.653296,0.261403,0.279194,0.218077,0.200275,0.261
deformable_bin_packing,compliance_ambiguity,nominal,0.1,0.40256,0.205302,0.248073,0.172794,0.157732,0.1728
deformable_bin_packing,compliance_ambiguity,seen_shift,0.38,0.4976,0.258516,0.297535,0.220084,0.182892,0.208
deformable_bin_packing,compliance_ambiguity,unseen_object,0.52,0.54944,0.266703,0.43603,0.24373,0.201761,0.2272
deformable_bin_packing,compliance_ambiguity,unseen_contact,0.62,0.60128,0.369039,0.31732,0.26062,0.214341,0.2464
deformable_bin_packing,compliance_ambiguity,unseen_compliance,0.66,0.584,0.278984,0.342052,0.267375,0.220631,0.24
deformable_bin_packing,compliance_ambiguity,probe_latency,0.68,0.59264,0.287171,0.337105,0.270753,0.233211,0.2432
deformable_bin_packing,compliance_ambiguity,sensor_dropout,0.7,0.77408,0.295357,0.351944,0.274131,0.236356,0.3104
deformable_bin_packing,compliance_ambiguity,heldout_combined_contact_uncertainty,0.86,0.68768,0.369039,0.426138,0.301155,0.280385,0.2784
deformable_bin_packing,jamming_ambiguity,nominal,0.1,0.412624,0.188193,0.402049,0.202586,0.210309,0.1944
deformable_bin_packing,jamming_ambiguity,seen_shift,0.38,0.51004,0.236973,0.482212,0.25803,0.243855,0.234
deformable_bin_packing,jamming_ambiguity,unseen_object,0.52,0.563176,0.244478,0.706669,0.285752,0.269015,0.2556
deformable_bin_packing,jamming_ambiguity,unseen_contact,0.62,0.616312,0.338286,0.514278,0.305554,0.285788,0.2772
deformable_bin_packing,jamming_ambiguity,unseen_compliance,0.66,0.5986,0.255735,0.554359,0.313475,0.294175,0.27
deformable_bin_packing,jamming_ambiguity,probe_latency,0.68,0.607456,0.26324,0.546343,0.317435,0.310948,0.2736
deformable_bin_packing,jamming_ambiguity,sensor_dropout,0.7,0.793432,0.270744,0.570392,0.321395,0.315141,0.3492
deformable_bin_packing,jamming_ambiguity,heldout_combined_contact_uncertainty,0.86,0.704872,0.338286,0.690637,0.353078,0.373847,0.3132
deformable_bin_packing,release_uncertainty,nominal,0.1,0.392496,0.179639,0.111205,0.18471,0.172754,0.1836
deformable_bin_packing,release_uncertainty,seen_shift,0.38,0.48516,0.226202,0.133378,0.235263,0.20031,0.221
deformable_bin_packing,release_uncertainty,unseen_object,0.52,0.535704,0.233365,0.195462,0.260539,0.220977,0.2414
deformable_bin_packing,release_uncertainty,unseen_contact,0.62,0.586248,0.322909,0.142247,0.278593,0.234755,0.2618
deformable_bin_packing,release_uncertainty,unseen_compliance,0.66,0.5694,0.244111,0.153333,0.285815,0.241644,0.255
deformable_bin_packing,release_uncertainty,probe_latency,0.68,0.577824,0.251274,0.151116,0.289426,0.255421,0.2584
deformable_bin_packing,release_uncertainty,sensor_dropout,0.7,0.754728,0.258438,0.157768,0.293037,0.258866,0.3298
deformable_bin_packing,release_uncertainty,heldout_combined_contact_uncertainty,0.86,0.670488,0.322909,0.191027,0.321924,0.307089,0.2958
deformable_bin_packing,partial_observability_dropout,nominal,0.1,0.432752,0.22241,0.22241,0.166835,0.195287,0.5076
deformable_bin_packing,partial_observability_dropout,seen_shift,0.38,0.53492,0.28006,0.266756,0.212495,0.226437,0.611
deformable_bin_packing,partial_observability_dropout,unseen_object,0.52,0.590648,0.288929,0.390924,0.235325,0.2498,0.6674
deformable_bin_packing,partial_observability_dropout,unseen_contact,0.62,0.646376,0.399793,0.284494,0.251633,0.265375,0.7238
deformable_bin_packing,partial_observability_dropout,unseen_compliance,0.66,0.6278,0.302232,0.306667,0.258156,0.273162,0.705
deformable_bin_packing,partial_observability_dropout,probe_latency,0.68,0.637088,0.311101,0.302232,0.261417,0.288737,0.7144
deformable_bin_packing,partial_observability_dropout,sensor_dropout,0.7,0.832136,0.319971,0.315536,0.264678,0.292631,0.9118
deformable_bin_packing,partial_observability_dropout,heldout_combined_contact_uncertainty,0.86,0.739256,0.399793,0.382054,0.29077,0.347144,0.8178
deformable_bin_packing,irreversible_damage_risk,nominal,0.1,0.422688,0.213856,0.265181,0.280045,0.277908,0.2268
deformable_bin_packing,irreversible_damage_risk,seen_shift,0.38,0.52248,0.269288,0.318055,0.356689,0.322237,0.273
deformable_bin_packing,irreversible_damage_risk,unseen_object,0.52,0.576912,0.277816,0.466101,0.395011,0.355484,0.2982
deformable_bin_packing,irreversible_damage_risk,unseen_contact,0.62,0.631344,0.384416,0.339204,0.422383,0.377649,0.3234
deformable_bin_packing,irreversible_damage_risk,unseen_compliance,0.66,0.6132,0.290608,0.365641,0.433332,0.388731,0.315
deformable_bin_packing,irreversible_damage_risk,probe_latency,0.68,0.622272,0.299136,0.360354,0.438807,0.410895,0.3192
deformable_bin_packing,irreversible_damage_risk,sensor_dropout,0.7,0.812784,0.307664,0.376216,0.444282,0.416436,0.4074
deformable_bin_packing,irreversible_damage_risk,heldout_combined_contact_uncertainty,0.86,0.722064,0.384416,0.455526,0.488078,0.494012,0.3654
deformable_bin_packing,branch_resource_depletion,nominal,0.1,0.412624,0.230964,0.307953,0.220461,0.36053,0.2376
deformable_bin_packing,branch_resource_depletion,seen_shift,0.38,0.51004,0.290831,0.369354,0.280797,0.418038,0.286
deformable_bin_packing,branch_resource_depletion,unseen_object,0.52,0.563176,0.300041,0.541279,0.310966,0.461169,0.3124
deformable_bin_packing,branch_resource_depletion,unseen_contact,0.62,0.616312,0.415169,0.393915,0.332515,0.489923,0.3388
deformable_bin_packing,branch_resource_depletion,unseen_compliance,0.66,0.5986,0.313857,0.424616,0.341134,0.5043,0.33
deformable_bin_packing,branch_resource_depletion,probe_latency,0.68,0.607456,0.323067,0.418476,0.345444,0.533053,0.3344
deformable_bin_packing,branch_resource_depletion,sensor_dropout,0.7,0.793432,0.332277,0.436896,0.349754,0.540242,0.4268
deformable_bin_packing,branch_resource_depletion,heldout_combined_contact_uncertainty,0.86,0.704872,0.415169,0.528998,0.384232,0.640881,0.3828
deformable_bin_packing,combined_contact_uncertainty,nominal,0.1,0.473008,0.367832,0.367832,0.26217,0.330486,0.4428
deformable_bin_packing,combined_contact_uncertainty,seen_shift,0.38,0.58468,0.463175,0.441173,0.333921,0.383201,0.533
deformable_bin_packing,combined_contact_uncertainty,unseen_object,0.52,0.645592,0.477844,0.646527,0.369797,0.422738,0.5822
deformable_bin_packing,combined_contact_uncertainty,unseen_contact,0.62,0.706504,0.661196,0.470509,0.395423,0.449096,0.6314
deformable_bin_packing,combined_contact_uncertainty,unseen_compliance,0.66,0.6862,0.499846,0.50718,0.405673,0.462275,0.615
deformable_bin_packing,combined_contact_uncertainty,probe_latency,0.68,0.696352,0.514514,0.499846,0.410798,0.488632,0.6232
deformable_bin_packing,combined_contact_uncertainty,sensor_dropout,0.7,0.909544,0.529182,0.521848,0.415923,0.495222,0.7954
deformable_bin_packing,combined_contact_uncertainty,heldout_combined_contact_uncertainty,0.86,0.808024,0.661196,0.631859,0.456924,0.587474,0.7134
legged_support_recovery,nominal,nominal,0.1,0.060384,0.065722,0.046944,0.041496,0.033382,0.0324
legged_support_recovery,nominal,seen_shift,0.38,0.07464,0.082757,0.056304,0.052853,0.038707,0.039
legged_support_recovery,nominal,unseen_object,0.52,0.082416,0.085378,0.082512,0.058531,0.042701,0.0426
legged_support_recovery,nominal,unseen_contact,0.62,0.090192,0.118138,0.060048,0.062587,0.045363,0.0462
legged_support_recovery,nominal,unseen_compliance,0.66,0.0876,0.089309,0.064728,0.06421,0.046694,0.045
legged_support_recovery,nominal,probe_latency,0.68,0.088896,0.09193,0.063792,0.065021,0.049357,0.0456
legged_support_recovery,nominal,sensor_dropout,0.7,0.116112,0.09455,0.0666,0.065832,0.050022,0.0582
legged_support_recovery,nominal,heldout_combined_contact_uncertainty,0.86,0.103152,0.118138,0.08064,0.072322,0.059341,0.0522
legged_support_recovery,hidden_friction,nominal,0.1,0.362304,0.422496,0.112666,0.157685,0.116838,0.108
legged_support_recovery,hidden_friction,seen_shift,0.38,0.44784,0.532008,0.13513,0.200841,0.135475,0.13
legged_support_recovery,hidden_friction,unseen_object,0.52,0.494496,0.548856,0.198029,0.222419,0.149453,0.142
legged_support_recovery,hidden_friction,unseen_contact,0.62,0.541152,0.759456,0.144115,0.237831,0.158771,0.154
legged_support_recovery,hidden_friction,unseen_compliance,0.66,0.5256,0.574128,0.155347,0.243996,0.16343,0.15
legged_support_recovery,hidden_friction,probe_latency,0.68,0.533376,0.590976,0.153101,0.247079,0.172749,0.152
legged_support_recovery,hidden_friction,sensor_dropout,0.7,0.696672,0.607824,0.15984,0.250162,0.175078,0.194
legged_support_recovery,hidden_friction,heldout_combined_contact_uncertainty,0.86,0.618912,0.759456,0.193536,0.274822,0.207693,0.174
legged_support_recovery,pose_ambiguity,nominal,0.1,0.382432,0.15961,0.178387,0.174283,0.125184,0.162
legged_support_recovery,pose_ambiguity,seen_shift,0.38,0.47272,0.200981,0.213955,0.221982,0.145152,0.195
legged_support_recovery,pose_ambiguity,unseen_object,0.52,0.521968,0.207346,0.313546,0.245831,0.160128,0.213
legged_support_recovery,pose_ambiguity,unseen_contact,0.62,0.571216,0.286906,0.228182,0.262866,0.170112,0.231
legged_support_recovery,pose_ambiguity,unseen_compliance,0.66,0.5548,0.216893,0.245966,0.26968,0.175104,0.225
legged_support_recovery,pose_ambiguity,probe_latency,0.68,0.563008,0.223258,0.24241,0.273087,0.185088,0.228
legged_support_recovery,pose_ambiguity,sensor_dropout,0.7,0.735376,0.229622,0.25308,0.276494,0.187584,0.291
legged_support_recovery,pose_ambiguity,heldout_combined_contact_uncertainty,0.86,0.653296,0.286906,0.306432,0.303751,0.222528,0.261
legged_support_recovery,compliance_ambiguity,nominal,0.1,0.40256,0.225331,0.272275,0.240677,0.175258,0.1728
legged_support_recovery,compliance_ambiguity,seen_shift,0.38,0.4976,0.283738,0.326563,0.306546,0.203213,0.208
legged_support_recovery,compliance_ambiguity,unseen_object,0.52,0.54944,0.292723,0.47857,0.339481,0.224179,0.2272
legged_support_recovery,compliance_ambiguity,unseen_contact,0.62,0.60128,0.405043,0.348278,0.363006,0.238157,0.2464
legged_support_recovery,compliance_ambiguity,unseen_compliance,0.66,0.584,0.306202,0.375422,0.372416,0.245146,0.24
legged_support_recovery,compliance_ambiguity,probe_latency,0.68,0.59264,0.315187,0.369994,0.377121,0.259123,0.2432
legged_support_recovery,compliance_ambiguity,sensor_dropout,0.7,0.77408,0.324173,0.38628,0.381826,0.262618,0.3104
legged_support_recovery,compliance_ambiguity,heldout_combined_contact_uncertainty,0.86,0.68768,0.405043,0.467712,0.419465,0.311539,0.2784
legged_support_recovery,jamming_ambiguity,nominal,0.1,0.412624,0.206554,0.441274,0.282173,0.233677,0.1944
legged_support_recovery,jamming_ambiguity,seen_shift,0.38,0.51004,0.260093,0.529258,0.359399,0.27095,0.234
legged_support_recovery,jamming_ambiguity,unseen_object,0.52,0.563176,0.26833,0.775613,0.398012,0.298906,0.2556
legged_support_recovery,jamming_ambiguity,unseen_contact,0.62,0.616312,0.37129,0.564451,0.425593,0.317542,0.2772
legged_support_recovery,jamming_ambiguity,unseen_compliance,0.66,0.5986,0.280685,0.608443,0.436625,0.326861,0.27
legged_support_recovery,jamming_ambiguity,probe_latency,0.68,0.607456,0.288922,0.599645,0.442141,0.345498,0.2736
legged_support_recovery,jamming_ambiguity,sensor_dropout,0.7,0.793432,0.297158,0.62604,0.447658,0.350157,0.3492
legged_support_recovery,jamming_ambiguity,heldout_combined_contact_uncertainty,0.86,0.704872,0.37129,0.758016,0.491787,0.415386,0.3132
legged_support_recovery,release_uncertainty,nominal,0.1,0.392496,0.197165,0.122054,0.257275,0.191949,0.1836
legged_support_recovery,release_uncertainty,seen_shift,0.38,0.48516,0.24827,0.14639,0.327687,0.222566,0.221
legged_support_recovery,release_uncertainty,unseen_object,0.52,0.535704,0.256133,0.214531,0.362893,0.24553,0.2414
legged_support_recovery,release_uncertainty,unseen_contact,0.62,0.586248,0.354413,0.156125,0.388041,0.260838,0.2618
legged_support_recovery,release_uncertainty,unseen_compliance,0.66,0.5694,0.267926,0.168293,0.3981,0.268493,0.255
legged_support_recovery,release_uncertainty,probe_latency,0.68,0.577824,0.275789,0.165859,0.403129,0.283802,0.2584
legged_support_recovery,release_uncertainty,sensor_dropout,0.7,0.754728,0.283651,0.17316,0.408158,0.287629,0.3298
legged_support_recovery,release_uncertainty,heldout_combined_contact_uncertainty,0.86,0.670488,0.354413,0.209664,0.448394,0.34121,0.2958
legged_support_recovery,partial_observability_dropout,nominal,0.1,0.432752,0.244109,0.244109,0.232378,0.216986,0.5076
legged_support_recovery,partial_observability_dropout,seen_shift,0.38,0.53492,0.307382,0.292781,0.295976,0.251597,0.611
legged_support_recovery,partial_observability_dropout,unseen_object,0.52,0.590648,0.317117,0.429062,0.327775,0.277555,0.6674
legged_support_recovery,partial_observability_dropout,unseen_contact,0.62,0.646376,0.438797,0.31225,0.350488,0.294861,0.7238
legged_support_recovery,partial_observability_dropout,unseen_compliance,0.66,0.6278,0.331718,0.336586,0.359574,0.303514,0.705
legged_support_recovery,partial_observability_dropout,probe_latency,0.68,0.637088,0.341453,0.331718,0.364116,0.320819,0.7144
legged_support_recovery,partial_observability_dropout,sensor_dropout,0.7,0.832136,0.351187,0.34632,0.368659,0.325146,0.9118
legged_support_recovery,partial_observability_dropout,heldout_combined_contact_uncertainty,0.86,0.739256,0.438797,0.419328,0.405001,0.385715,0.8178
legged_support_recovery,irreversible_damage_risk,nominal,0.1,0.422688,0.23472,0.291053,0.390062,0.308787,0.2268
legged_support_recovery,irreversible_damage_risk,seen_shift,0.38,0.52248,0.29556,0.349085,0.496816,0.358042,0.273
legged_support_recovery,irreversible_damage_risk,unseen_object,0.52,0.576912,0.30492,0.511574,0.550193,0.394982,0.2982
legged_support_recovery,irreversible_damage_risk,unseen_contact,0.62,0.631344,0.42192,0.372298,0.58832,0.41961,0.3234
legged_support_recovery,irreversible_damage_risk,unseen_compliance,0.66,0.6132,0.31896,0.401314,0.60357,0.431923,0.315
legged_support_recovery,irreversible_damage_risk,probe_latency,0.68,0.622272,0.32832,0.39551,0.611196,0.45655,0.3192
legged_support_recovery,irreversible_damage_risk,sensor_dropout,0.7,0.812784,0.33768,0.41292,0.618821,0.462707,0.4074
legged_support_recovery,irreversible_damage_risk,heldout_combined_contact_uncertainty,0.86,0.722064,0.42192,0.499968,0.679823,0.548902,0.3654
legged_support_recovery,branch_resource_depletion,nominal,0.1,0.412624,0.253498,0.337997,0.30707,0.400589,0.2376
legged_support_recovery,branch_resource_depletion,seen_shift,0.38,0.51004,0.319205,0.405389,0.391111,0.464486,0.286
legged_support_recovery,branch_resource_depletion,unseen_object,0.52,0.563176,0.329314,0.594086,0.433131,0.51241,0.3124
legged_support_recovery,branch_resource_depletion,unseen_contact,0.62,0.616312,0.455674,0.432346,0.463145,0.544358,0.3388
legged_support_recovery,branch_resource_depletion,unseen_compliance,0.66,0.5986,0.344477,0.466042,0.475151,0.560333,0.33
legged_support_recovery,branch_resource_depletion,probe_latency,0.68,0.607456,0.354586,0.459302,0.481154,0.592282,0.3344
legged_support_recovery,branch_resource_depletion,sensor_dropout,0.7,0.793432,0.364694,0.47952,0.487157,0.600269,0.4268
legged_support_recovery,branch_resource_depletion,heldout_combined_contact_uncertainty,0.86,0.704872,0.455674,0.580608,0.53518,0.71209,0.3828
legged_support_recovery,combined_contact_uncertainty,nominal,0.1,0.473008,0.403718,0.403718,0.365165,0.367206,0.4428
legged_support_recovery,combined_contact_uncertainty,seen_shift,0.38,0.58468,0.508363,0.484214,0.465105,0.425779,0.533
legged_support_recovery,combined_contact_uncertainty,unseen_object,0.52,0.645592,0.524462,0.709603,0.515075,0.469709,0.5822
legged_support_recovery,combined_contact_uncertainty,unseen_contact,0.62,0.706504,0.725702,0.516413,0.550767,0.498995,0.6314
legged_support_recovery,combined_contact_uncertainty,unseen_compliance,0.66,0.6862,0.548611,0.556661,0.565044,0.513638,0.615
legged_support_recovery,combined_contact_uncertainty,probe_latency,0.68,0.696352,0.56471,0.548611,0.572183,0.542925,0.6232
legged_support_recovery,combined_contact_uncertainty,sensor_dropout,0.7,0.909544,0.58081,0.57276,0.579322,0.550246,0.7954
legged_support_recovery,combined_contact_uncertainty,heldout_combined_contact_uncertainty,0.86,0.808024,0.725702,0.693504,0.63643,0.652749,0.7134
